﻿<?xml version="1.0" encoding="utf-8"?>
<DeviceProperties xmlns:xsi="http://www.w3.org/2001/XMLSchema-instance" xmlns:xsd="http://www.w3.org/2001/XMLSchema">
  <DefaultProfile />
  <Profile Name="(Local Test)">
    <Device Name="LiftingLuggageDev">
      <ComplexProperty Name="Ports" Expanded="true">
        <Property Name="Deploy" Value="61499" />
        <Property Name="HMI" Value="61498" />
        <Property Name="Watch" Value="61497" />
        <Property Name="Archive" Value="61496" />
      </ComplexProperty>
    </Device>
  </Profile>
</DeviceProperties>